Molecule_Name,Smiles,monkey_VDss_L_kg,Source
CHEMBL1294,C=C[C@H]1CN2CC[C@H]1C[C@@H]2[C@@H](O)c1ccnc2ccc(OC)cc12,0.55,CHEMBL 35
CHEMBL17125,Cc1nc(=O)c(C#N)c(NCc2cccnc2)[nH]1,0.85,CHEMBL 35
CHEMBL276711,Cc1cc(C)c(/C=C2\C(=O)Nc3ccccc32)[nH]1,1.45,CHEMBL 35
CHEMBL19019,O=C1CC[C@@]2(O)[C@H]3Cc4ccc(O)c5c4[C@@]2(CCN3CC2CC2)[C@H]1O5,5.1,CHEMBL 35
CHEMBL1560,C[C@H](CS)C(=O)N1CCC[C@H]1C(=O)O,3.6,CHEMBL 35
CHEMBL553025,CCC1=C[C@@H]2CN(C1)Cc1c([nH]c3ccccc13)[C@@](C(=O)OC)(c1cc3c(cc1OC)N(C)[C@H]1[C@@](O)(C(=O)OC)[C@H](OC(C)=O)[C@]4(CC)C=CCN5CC[C@]31[C@@H]54)C2,11.4,CHEMBL 35
CHEMBL20634,CN1C(C(=O)Nc2nccs2)=C(O)c2ccccc2S1(=O)=O,0.2,CHEMBL 35
CHEMBL79,CCN(CC)CC(=O)Nc1c(C)cccc1C,0.98,CHEMBL 35
CHEMBL532,CC[C@H]1OC(=O)[C@H](C)[C@@H](O[C@H]2C[C@@](C)(OC)[C@@H](O)[C@H](C)O2)[C@H](C)[C@@H](O[C@@H]2O[C@H](C)C[C@H](N(C)C)[C@H]2O)[C@](C)(O)C[C@@H](C)C(=O)[C@H](C)[C@@H](O)[C@]1(C)O,0.93,CHEMBL 35
CHEMBL452,O=C1CN=C(c2ccccc2Cl)c2cc([N+](=O)[O-])ccc2N1,6.8,CHEMBL 35
CHEMBL54,O=C(CCCN1CCC(O)(c2ccc(Cl)cc2)CC1)c1ccc(F)cc1,6.6,CHEMBL 35
CHEMBL631,CCCNCC(O)COc1ccccc1C(=O)CCc1ccccc1,8.2,CHEMBL 35
CHEMBL1435,Cc1nnc(SCC2=C(C(=O)O)N3C(=O)[C@@H](NC(=O)Cn4cnnn4)[C@H]3SC2)s1,0.13,CHEMBL 35
CHEMBL81596,COc1cccc(OC)c1-c1ccc([C@@H](CC(=O)O)NC(=O)[C@]2(C)CCCN2S(=O)(=O)c2cc(Cl)cc(Cl)c2)cc1,0.26,CHEMBL 35
CHEMBL339323,CC(=N)N1CC[C@H](SC2=C(C(=O)O)N3C(=O)[C@H]([C@@H](C)O)[C@H]3C2)C1,0.3,CHEMBL 35
CHEMBL15413,CO[C@@]1(NC(=O)CSC(F)F)C(=O)N2C(C(=O)O)=C(CSc3nnnn3CCO)CO[C@@H]21,0.3,CHEMBL 35
CHEMBL1276663,CO/N=C(\C(=O)N[C@@H]1C(=O)N2C(C(=O)[O-])=C(C[n+]3ccn4ncccc43)CS[C@H]12)c1nsc(N)n1,0.2,CHEMBL 35
CHEMBL1231530,O=C(O)CCNC(=O)c1ccccc1,0.23,CHEMBL 35
CHEMBL1200357,CO[C@@]1(NC(=O)C(C(=O)[O-])c2ccc(O)cc2)C(=O)N2C(C(=O)[O-])=C(CSc3nnnn3C)CO[C@@H]21.[Na+].[Na+],0.16,CHEMBL 35
CHEMBL408,Cc1c(C)c2c(c(C)c1O)CCC(C)(COc1ccc(CC3SC(=O)NC3=O)cc1)O2,0.71,CHEMBL 35
CHEMBL6466,O=c1ccc2ccccc2o1,4.5,CHEMBL 35
CHEMBL1512,CC1(C)O[C@@H]2C[C@H]3[C@@H]4C[C@H](F)C5=CC(=O)C=C[C@]5(C)[C@H]4[C@@H](O)C[C@]3(C)[C@]2(C(=O)CO)O1,4,CHEMBL 35
CHEMBL633,CCCCc1oc2ccccc2c1C(=O)c1cc(I)c(OCCN(CC)CC)c(I)c1,5.1,CHEMBL 35
CHEMBL1484,COC(=O)C1=C(C)NC(C)=C(C(=O)OCCN(C)Cc2ccccc2)C1c1cccc([N+](=O)[O-])c1,1.9,CHEMBL 35
CHEMBL71,CN(C)CCCN1c2ccccc2Sc2ccc(Cl)cc21,8,CHEMBL 35
CHEMBL277474,Cc1cc(=O)n(-c2ccccc2)n1C,0.74,CHEMBL 35
CHEMBL280378,CCOc1cc(Cc2cnc(N)nc2N)cc(OCC)c1-n1cccc1,5.1,CHEMBL 35
CHEMBL108111,N=C(N)c1ccc(C(=O)N[C@@H](Cc2ccc(O)cc2)C(=O)N2CCC(OCC(=O)O)CC2)cc1,0.29,CHEMBL 35
CHEMBL158,C[C@H]1[C@H](NC(=O)/C(=N\OC(C)(C)C(=O)O)c2csc(N)n2)C(=O)N1S(=O)(=O)O,0.3,CHEMBL 35
CHEMBL1614646,Cc1cccnc1NS(=O)(=O)c1ccc(C#Cc2ccc(O)c(C(=O)O)c2)cc1,0.08,CHEMBL 35
CHEMBL161,CO/N=C(\C(=O)N[C@@H]1C(=O)N2C(C(=O)O)=C(CSc3nc(=O)c(O)nn3C)CS[C@H]12)c1csc(N)n1,0.11,CHEMBL 35
CHEMBL127,C[C@@H](O)[C@H]1C(=O)N2C(C(=O)O)=C(S[C@@H]3CN[C@H](C(=O)N(C)C)C3)[C@H](C)[C@H]12,0.3,CHEMBL 35
CHEMBL1201204,Cc1cc(O)c(C(=O)N[C@@H](C(=O)N[C@@H]2C(=O)N3C(C(=O)O)=C(CSc4nnnn4C)CS[C@H]23)c2ccc(O)cc2)cn1,0.1,CHEMBL 35
CHEMBL1614666,COc1cccc2c1C(=O)c1cc3c(c(O)c1C2=O)C[C@@](O)(C(=O)CO)C[C@@H]3O[C@H]1CC(N)C(I)C(C)O1,14,CHEMBL 35
CHEMBL184,Nc1nc2c(ncn2COCCO)c(=O)[nH]1,0.61,CHEMBL 35
CHEMBL1480,CCOC(=O)C1=C(C)NC(C)=C(C(=O)OC)C1c1cccc(Cl)c1Cl,2.2,CHEMBL 35
CHEMBL4865816,C[C@H]([C@H](C(=O)Nc1cc(C[C@H](C)C(=O)O)ccc1Cl)c1ccc(Cl)cc1)C(F)(F)F,0.55,CHEMBL 35
CHEMBL325166,N=C(N)N1CCC[C@@H](CNC(=O)C[C@H](NS(=O)(=O)c2ccc3ccccc3c2)C(=O)N(CC(=O)O)C2CC2)C1,0.26,CHEMBL 35
CHEMBL507674,CCN1CCN(C(=O)N[C@@H](C(=O)N[C@@H]2C(=O)N3C(C(=O)O)=C(CSc4nnnn4C)CS[C@H]23)c2ccc(O)cc2)C(=O)C1=O,0.13,CHEMBL 35
CHEMBL266510,COc1ccc(Cl)cc1[C@]1(F)C(=O)Nc2cc(C(F)(F)F)ccc21,5.4,CHEMBL 35
CHEMBL940,NCC1(CC(=O)O)CCCCC1,0.68,CHEMBL 35
CHEMBL1628161,C#C[C@]1(O)CC[C@H]2[C@@H]3CCc4cc(O)ccc4[C@H]3[C@@H](OC)C[C@@]21C,1.8,CHEMBL 35
CHEMBL306713,C[C@@H](O)[C@H]1C(=O)N2C(C(=O)O)=C(SCCOC(N)=O)S[C@H]12,0.17,CHEMBL 35
CHEMBL528,CO/N=C(\C(=O)N[C@@H]1C(=O)N2C(C(=O)O)=CCS[C@H]12)c1csc(N)n1,0.12,CHEMBL 35
CHEMBL53624,Nc1nc(/C(=N/O)C(=O)N[C@@H]2C(=O)N3C(C(=O)O)=C(/C=C4\CCN(CC(F)(F)F)C4=O)CS[C@H]23)cs1,0.12,CHEMBL 35
CHEMBL3301673,CCCCCNC(=O)c1coc([C@H]2[C@@H](Cc3ccccc3CCC(=O)O)[C@@H]3CC[C@H]2O3)n1,5.5,CHEMBL 35
CHEMBL159,CC[C@]1(O)C[C@@H]2CN(CCc3c([nH]c4ccccc34)[C@@](C(=O)OC)(c3cc4c(cc3OC)N(C)[C@H]3[C@@](O)(C(=O)OC)[C@H](OC(C)=O)[C@]5(CC)C=CCN6CC[C@]43[C@@H]65)C2)C1,1.5,CHEMBL 35
CHEMBL154,COc1ccc2cc([C@H](C)C(=O)O)ccc2c1,0.1,CHEMBL 35
CHEMBL385181,NC(=O)c1cc[n+](COC[n+]2ccccc2/C=N/O)cc1,0.34,CHEMBL 35
CHEMBL1350,O=P(O)(O)C(Sc1ccc(Cl)cc1)P(=O)(O)O,7,CHEMBL 35
CHEMBL6622,O=[N+]([O-])O[C@H]1CO[C@H]2[C@@H]1OC[C@H]2O[N+](=O)[O-],1.7,CHEMBL 35
CHEMBL4,CC1COc2c(N3CCN(C)CC3)c(F)cc3c(=O)c(C(=O)O)cn1c23,1.6,CHEMBL 35
CHEMBL31601,CC(C)(C)S(=O)(=O)C[C@@H](Cc1ccccc1)C(=O)N[C@@H](Cc1c[nH]cn1)C(=O)N[C@@H](CC1CCCCC1)[C@@H](O)[C@@H](O)C1CC1,1.7,CHEMBL 35
CHEMBL15177,CN(C)C(=O)CCSC(SCCC(=O)O)c1cccc(/C=C/c2ccc3ccc(Cl)cc3n2)c1,0.32,CHEMBL 35
CHEMBL2220442,CC(C)n1c(/C=C/C(O)CC(O)CC(=O)O)c(-c2ccc(F)cc2)c2ccccc21,3.7,CHEMBL 35
CHEMBL551786,Cc1cccc(C)c1NC(=O)NCCCNC(C)C,3.8,CHEMBL 35
CHEMBL186,CO/N=C(\C(=O)N[C@@H]1C(=O)N2C(C(=O)[O-])=C(C[N+]3(C)CCCC3)CS[C@H]12)c1csc(N)n1,0.25,CHEMBL 35
CHEMBL494,CC#CCC(C)[C@H](O)/C=C/[C@@H]1[C@H]2C/C(=C/CCCC(=O)O)C[C@H]2C[C@H]1O,0.9,CHEMBL 35
CHEMBL432103,CC1CCCC(C)N1CCCC(O)(c1ccccc1)c1ccccn1,1.4,CHEMBL 35
CHEMBL53463,COc1cccc2c1C(=O)c1c(O)c3c(c(O)c1C2=O)C[C@@](O)(C(=O)CO)C[C@@H]3O[C@H]1C[C@H](N)[C@H](O)[C@H](C)O1,24,CHEMBL 35
CHEMBL370805,COC(=O)[C@H]1[C@@H](OC(=O)c2ccccc2)C[C@@H]2CC[C@H]1N2C,7.4,CHEMBL 35
CHEMBL651,CCC(=O)C(CC(C)N(C)C)(c1ccccc1)c1ccccc1,8.2,CHEMBL 35
CHEMBL596,CCC(=O)N(c1ccccc1)C1CCN(CCc2ccccc2)CC1,7,CHEMBL 35
CHEMBL421508,COc1cccc(OC)c1-c1ccc([C@@H](CC(=O)O)NC(=O)[C@@H]2CCN2S(=O)(=O)c2cc(Cl)cc(Cl)c2)cc1,0.37,CHEMBL 35
CHEMBL3037806,O=C(OC1C[C@@H]2CC3C[C@@H](C1)N2CC3O)c1c[nH]c2ccccc12,28,CHEMBL 35
CHEMBL70,CN1CC[C@]23c4c5ccc(O)c4O[C@H]2[C@@H](O)C=C[C@H]3[C@H]1C5,12,CHEMBL 35
CHEMBL4470860,Cc1nc2c(-c3nnc[nH]3)cc(-c3ccnc(N)c3F)cc2n1-c1ccnc2c(F)ccc(F)c12,0.5,CHEMBL 35
CHEMBL4470860,Cc1nc2c(-c3nnc[nH]3)cc(-c3ccnc(N)c3F)cc2n1-c1ccnc2c(F)ccc(F)c12,0.6,CHEMBL 35
CHEMBL275528,c1ccc(C2(N3CCCCC3)CCCCC2)cc1,7.3,CHEMBL 35
CHEMBL1428,COCCOC(=O)C1=C(C)NC(C)=C(C(=O)OC(C)C)C1c1cccc([N+](=O)[O-])c1,3.6,CHEMBL 35
CHEMBL696,CCC1(C)CC(=O)NC1=O,0.82,CHEMBL 35
CHEMBL1614669,Cn1cc(/C=C2/C(=O)N3C(C(=O)O)=CS[C@H]23)nn1,0.27,CHEMBL 35
CHEMBL607,CCOC(=O)C1(c2ccccc2)CCN(C)CC1,5.9,CHEMBL 35
CHEMBL428,N[C@@H]1[C@H]2CN(c3nc4c(cc3F)c(=O)c(C(=O)O)cn4-c3ccc(F)cc3F)C[C@@H]12,4.3,CHEMBL 35
CHEMBL695,CN1C(=O)OC(C)(C)C1=O,0.66,CHEMBL 35
CHEMBL6966,COc1ccc(CCN(C)CCCC(C#N)(c2ccc(OC)c(OC)c2)C(C)C)cc1OC,4.5,CHEMBL 35
CHEMBL1614665,CO/N=C(\C(=O)N[C@@H]1C(=O)N2C(C(=O)[O-])=C(C[N+]34CCC(C(N)=O)(CC3)CC4)CS[C@H]12)c1nsc(N)n1,0.28,CHEMBL 35
CHEMBL265325,NC1(C(=O)O)CC1,0.72,CHEMBL 35
CHEMBL6,COc1ccc2c(c1)c(CC(=O)O)c(C)n2C(=O)c1ccc(Cl)cc1,1.8,CHEMBL 35
CHEMBL3707392,O=C1c2cc(-c3ccc(OC(F)(F)F)cc3)ccc2OCCN1Cc1ncccn1,1.5,CHEMBL 35
CHEMBL215303,C[C@H]1NCc2cc(-c3ccc4c(=O)c(C(=O)O)cn(C5CC5)c4c3OC(F)F)ccc21,1,CHEMBL 35
CHEMBL1101,OC(CCN1CCCCC1)(c1ccccc1)C1CC2C=CC1C2,3.6,CHEMBL 35
CHEMBL517,CC(C)N(CCC(C(N)=O)(c1ccccc1)c1ccccn1)C(C)C,2,CHEMBL 35
CHEMBL13,COCCc1ccc(OCC(O)CNC(C)C)cc1,3,CHEMBL 35
CHEMBL3,CN1CCC[C@H]1c1cccnc1,1.5,CHEMBL 35
CHEMBL22242,CCN1CCC[C@H]1CNC(=O)c1c(OC)ccc(Br)c1OC,1.1,CHEMBL 35
CHEMBL481,CCc1c2c(nc3ccc(OC(=O)N4CCC(N5CCCCC5)CC4)cc13)-c1cc3c(c(=O)n1C2)COC(=O)[C@]3(O)CC,2.1,CHEMBL 35
CHEMBL634,CCC(=O)N(c1ccccc1)C1(COC)CCN(CCn2nnn(CC)c2=O)CC1,1.1,CHEMBL 35
CHEMBL286259,CC1=NC(=O)C(CCN(C(C)C)C(C)C)(c2ccccc2)C2CCCCN12,1.6,CHEMBL 35
CHEMBL4647791,Cc1nc2c(-c3nnc[nH]3)cc(-c3ccnc(C#N)c3)cc2n1-c1ccnc2c(F)ccc(F)c12,1.3,CHEMBL 35
CHEMBL311730,CCCN1CCC[C@@H](c2cccc(S(C)(=O)=O)c2)C1,1.4,CHEMBL 35
CHEMBL27,CC(C)NCC(O)COc1cccc2ccccc12,0.6,CHEMBL 35
CHEMBL32,COc1c(N2C[C@@H]3CCCN[C@@H]3C2)c(F)cc2c(=O)c(C(=O)O)cn(C3CC3)c12,4.9,CHEMBL 35
CHEMBL504802,O=C(O)C[C@H](NC(=O)CP(=O)(O)O)C(=O)O,0.35,CHEMBL 35
CHEMBL113,Cn1c(=O)c2c(ncn2C)n(C)c1=O,0.83,CHEMBL 35
CHEMBL16,O=C1NC(=O)C(c2ccccc2)(c2ccccc2)N1,7.8,CHEMBL 35
CHEMBL1460,O=c1[nH]cnc2c1ncn2[C@H]1CC[C@@H](CO)O1,0.92,CHEMBL 35
CHEMBL114715,N=C(N)NCCCNC(=O)[C@@H]1CCCCN1C(=O)[C@@H](CC1CCCCC1)NCC(=O)O,0.53,CHEMBL 35
CHEMBL635,C[C@]12C=CC(=O)C=C1CC[C@@H]1[C@@H]2C(=O)C[C@@]2(C)[C@H]1CC[C@]2(O)C(=O)CO,1.6,CHEMBL 35
CHEMBL1464,CC(=O)CC(c1ccccc1)c1c(O)c2ccccc2oc1=O,0.11,CHEMBL 35
CHEMBL90555,CC[C@]1(O)C[C@H]2CN(CCc3c([nH]c4ccccc34)[C@@](C(=O)OC)(c3cc4c(cc3OC)N(C=O)[C@H]3[C@@](O)(C(=O)OC)[C@H](OC(C)=O)[C@]5(CC)C=CCN6CC[C@]43[C@@H]65)C2)C1,1.3,CHEMBL 35
CHEMBL23,COc1ccc([C@@H]2Sc3ccccc3N(CCN(C)C)C(=O)[C@@H]2OC(C)=O)cc1,3.5,CHEMBL 35
CHEMBL1231101,N[C@H](C(=O)O)[C@@H]1CC(Cl)=NO1,0.56,CHEMBL 35
CHEMBL34259,CN(Cc1cnc2nc(N)nc(N)c2n1)c1ccc(C(=O)N[C@@H](CCC(=O)O)C(=O)O)cc1,1.2,CHEMBL 35
CHEMBL109,CCCC(CCC)C(=O)O,0.15,CHEMBL 35
CHEMBL35,NS(=O)(=O)c1cc(C(=O)O)c(NCc2ccco2)cc1Cl,0.11,CHEMBL 35
CHEMBL6273,CN1CCN(c2c(F)cc3c(=O)c(C(=O)O)cn(CCF)c3c2F)CC1,1.2,CHEMBL 35
CHEMBL108358,NC(=O)c1csc([C@@H]2O[C@H](CO)[C@@H](O)[C@H]2O)n1,2,CHEMBL 35
CHEMBL44793,O=C(/C=C/c1c(C(=O)O)[nH]c2cc(Cl)cc(Cl)c12)Nc1ccccc1,0.32,CHEMBL 35
CHEMBL474579,CO[C@@]1(NC(=O)C2SC(=C(C(N)=O)C(=O)O)S2)C(=O)N2C(C(=O)O)=C(CSc3nnnn3C)CS[C@@H]21,0.17,CHEMBL 35
CHEMBL88,O=P1(N(CCCl)CCCl)NCCCO1,1.3,CHEMBL 35
CHEMBL691,C#C[C@]1(O)CC[C@H]2[C@@H]3CCc4cc(O)ccc4[C@H]3CC[C@@]21C,6,CHEMBL 35
CHEMBL129,Cc1cn([C@H]2C[C@H](N=[N+]=[N-])[C@@H](CO)O2)c(=O)[nH]c1=O,1,CHEMBL 35
CHEMBL549,CN(C)CCCC1(c2ccc(F)cc2)OCc2cc(C#N)ccc21,10,CHEMBL 35
CHEMBL193,COC(=O)C1=C(C)NC(C)=C(C(=O)OC)C1c1ccccc1[N+](=O)[O-],0.5,CHEMBL 35
CHEMBL2303613,CO/N=C(\C(=O)N[C@@H]1C(=O)N2C(C(=O)O)=C(CSc3nc(C)c(CC(=O)O)s3)CS[C@H]12)c1csc(N)n1,0.15,CHEMBL 35
CHEMBL267345,C[C@@H]1[C@H](O)[C@@H](C)/C=C/C=C/C=C/C=C/C=C/C=C/C=C/[C@H](O[C@@H]2O[C@H](C)[C@@H](O)[C@H](N)[C@@H]2O)C[C@@H]2O[C@](O)(C[C@@H](O)C[C@@H](O)[C@H](O)CC[C@@H](O)C[C@@H](O)CC(=O)O[C@H]1C)C[C@H](O)[C@H]2C(=O)O,0.2,CHEMBL 35
CHEMBL13878,C#CCCCC(=O)c1cc(C(C)(C)C)c(O)c(C(C)(C)C)c1,53,CHEMBL 35
CHEMBL1009,N[C@@H](Cc1ccc(O)c(O)c1)C(=O)O,0.47,CHEMBL 35
CHEMBL145085,COc1ccc([C@H](CC(=O)O)N2CCN(CCCc3ccc4c(n3)NCCC4)C2=O)cn1,0.3,CHEMBL 35
CHEMBL70088,C[C@@H](O)[C@H]1C(=O)N2C(C(=O)O)=C(COC(N)=O)S[C@H]12,0.15,CHEMBL 35
CHEMBL141,Nc1ccn([C@@H]2CS[C@H](CO)O2)c(=O)n1,1.2,CHEMBL 35
CHEMBL139,O=C(O)Cc1ccccc1Nc1c(Cl)cccc1Cl,0.17,CHEMBL 35
CHEMBL4647791,Cc1nc2c(-c3nnc[nH]3)cc(-c3ccnc(C#N)c3)cc2n1-c1ccnc2c(F)ccc(F)c12,2.6,CHEMBL 35
CHEMBL1276308,CC#C[C@]1(O)CC[C@H]2[C@@H]3CCC4=CC(=O)CCC4=C3[C@@H](c3ccc(N(C)C)cc3)C[C@@]21C,32.5,CHEMBL 35
CHEMBL8,O=C(O)c1cn(C2CC2)c2cc(N3CCNCC3)c(F)cc2c1=O,1.8,CHEMBL 35
CHEMBL469,O=C(c1ccccc1)c1ccc2n1CCC2C(=O)O,0.09,CHEMBL 35
CHEMBL1201195,CO[C@@]1(NC(=O)CSCC#N)C(=O)N2C(C(=O)O)=C(CSc3nnnn3C)CS[C@@H]21,0.14,CHEMBL 35
CHEMBL1311,O=[N+]([O-])O[C@@H]1CO[C@H]2[C@@H]1OC[C@@H]2O,0.5,CHEMBL 35
CHEMBL285347,C[C@@H](O)[C@H]1C(=O)N2C(C(=O)[O-])=C(SC3Cn4cnc[n+]4C3)[C@H](C)[C@H]12,0.23,CHEMBL 35
CHEMBL6231,CNn1cc(C(=O)O)c(=O)c2cc(F)c(N3CCN(C)CC3)cc21,1.4,CHEMBL 35
CHEMBL655,Cc1ncc2n1-c1ccc(Cl)cc1C(c1ccccc1F)=NC2,1.5,CHEMBL 35
6-Mercaptopurine,S=C1N=CNc2nc[nH]c12,0.9,10.1021/acs.jcim.2c00318
Acivicin,ClC1=NO[C@H]([C@H](N)C(=O)O)C1,0.61,10.1021/acs.jcim.2c00318
Actisomide,O=C1[C@](CCN(C(C)C)C(C)C)(c2ccccc2)[C@@H]2N(C(C)=N1)CCCC2,1.6,10.1021/acs.jcim.2c00318
Acyclovir,O(CCO)Cn1c2NC(N)=NC(=O)c2nc1,0.9,10.1021/acs.jcim.2c00318
Adefovir,P(=O)(O)(O)COCCn1c2ncnc(N)c2nc1,0.81,10.1021/acs.jcim.2c00318
Alfentanil,O=C(N(c1ccccc1)C1(COC)CCN(CCN2C(=O)N(CC)N=N2)CC1)CC,1.1,10.1021/acs.jcim.2c00318
Almotriptan,S(=O)(=O)(Cc1cc2c(CCN(C)C)c[nH]c2cc1)N1CCCC1,2.61,10.1021/acs.jcim.2c00318
Amifloxacin,Fc1c(N2CCN(C)CC2)cc2N(NC)C=C(C(=O)O)C(=O)c2c1,1.4,10.1021/acs.jcim.2c00318
Aminocyclopropanecarboxylic Acid,O=C(O)C1(N)CC1,0.72,10.1021/acs.jcim.2c00318
Amphotericin B,O=C(O)[C@@H]1[C@@H](O)C[C@]2(O)O[C@H]1C[C@@H](O[C@H]1[C@@H](O)[C@@H](N)[C@H](O)[C@@H](C)O1)/C=C/C=C/C=C/C=C/C=C/C=C/C=C/[C@H](C)[C@@H](O)[C@@H](C)[C@H](C)OC(=O)C[C@H](O)C[C@H](O)CC[C@@H](O)[C@H](O)C[C@H](O)C2,9.3,10.1021/acs.jcim.2c00318
Antipyrine,O=C1N(N(C)C(C)=C1)c1ccccc1,0.74,10.1021/acs.jcim.2c00318
Atropine,O=C(OC1C[C@@H]2N(C)[C@H](C1)CC2)C(CO)c1ccccc1,0.55,10.1021/acs.jcim.2c00318
Betamipron,O=C(O)CCNC(=O)c1ccccc1,0.23,10.1021/acs.jcim.2c00318
Biapenem,S(C=1[C@H](C)[C@@H]2[C@@H]([C@H](O)C)C(=O)N2C=1C(=O)[O-])C1C[n+]2n(cnc2)C1,0.25,10.1021/acs.jcim.2c00318
Bisoprolol,O(C(C)C)CCOCc1ccc(OCC(O)CNC(C)C)cc1,3,10.1021/acs.jcim.2c00318
Brotizolam,Brc1sc2-n3c(C)nnc3CN=C(c3c(Cl)cccc3)c2c1,6.5,10.1021/acs.jcim.2c00318
Bupivacaine,O=C(Nc1c(C)cccc1C)C1N(CCCC)CCCC1,0.66,10.1021/acs.jcim.2c00318
Caffeine,O=C1N(C)C(=O)c2n(C)cnc2N1C,0.83,10.1021/acs.jcim.2c00318
Captopril,SC[C@H](C(=O)N1[C@H](C(=O)O)CCC1)C,3.63,10.1021/acs.jcim.2c00318
Carmustine,ClCCN(N=O)C(=O)NCCCl,0.9,10.1021/acs.jcim.2c00318
Carumom,S(=O)(=O)(O)N1[C@H](COC(=O)N)[C@H](NC(=O)/C(=N\OCC(=O)O)/c2nc(N)sc2)C1=O,0.12,10.1021/acs.jcim.2c00318
Caspofungin,O=C(N[C@@H]1C(=O)N[C@@H]([C@H](O)C)C(=O)N2[C@H](C(=O)N[C@@H]([C@H](O)[C@@H](O)c3ccc(O)cc3)C(=O)N[C@@H]([C@H](O)CCN)C(=O)N3[C@@H]([C@@H](O)CC3)C(=O)N[C@H](NCCN)[C@H](O)C1)C[C@@H](O)C2)CCCCCCCCC(CC(CC)C)C,0.3,10.1021/acs.jcim.2c00318
Cefazolin,S(CC1=C(C(=O)O)N2C(=O)[C@@H](NC(=O)Cn3nnnc3)[C@H]2SC1)c1sc(C)nn1,0.13,10.1021/acs.jcim.2c00318
Cefepime,O=C(N[C@@H]1C(=O)N2C(C(=O)[O-])=C(C[N+]3(C)CCCC3)CS[C@H]12)/C(=N\OC)/c1nc(N)sc1,0.2,10.1021/acs.jcim.2c00318
Cefmetazole,S(CC#N)CC(=O)N[C@]1(OC)C(=O)N2C(C(=O)O)=C(CSc3n(C)nnn3)CS[C@H]12,0.3,10.1021/acs.jcim.2c00318
Cefodizime,S(CC1=C(C(=O)O)N2C(=O)[C@@H](NC(=O)/C(=N\OC)/c3nc(N)sc3)[C@H]2SC1)c1sc(CC(=O)O)c(C)n1,0.15,10.1021/acs.jcim.2c00318
Cefoperazone,S(CC1=C(C(=O)O)N2C(=O)[C@@H](NC(=O)[C@H](NC(=O)N3C(=O)C(=O)N(CC)CC3)c3ccc(O)cc3)[C@H]2SC1)c1n(C)nnn1,0.13,10.1021/acs.jcim.2c00318
Cefoselis,O=C(N[C@@H]1C(=O)N2C(C(=O)[O-])=C(C[n+]3n(CCO)c(N)cc3)CS[C@H]12)/C(=N\OC)/c1nc(N)sc1,0.28,10.1021/acs.jcim.2c00318
Cefotetan,S(CC1=C(C(=O)O)N2C(=O)[C@@](OC)(NC(=O)C3SC(=C(C(=O)O)C(=O)N)S3)[C@H]2SC1)c1n(C)nnn1,0.17,10.1021/acs.jcim.2c00318
Cefozopran,O=C(N[C@@H]1C(=O)N2C(C(=O)[O-])=C(Cn3c4[n+](nccc4)cc3)CS[C@H]12)/C(=N\OC)/c1nc(N)sn1,0.2,10.1021/acs.jcim.2c00318
Cefpimizole,S(=O)(=O)(O)CCc1cc[n+](CC2=C(C(=O)[O-])N3C(=O)[C@@H](NC(=O)[C@H](NC(=O)c4c(C(=O)O)[nH]cn4)c4ccccc4)[C@H]3SC2)cc1,0.3,10.1021/acs.jcim.2c00318
Cefpiramide,S(CC1=C(C(=O)O)N2C(=O)[C@@H](NC(=O)[C@H](NC(=O)C=3C(=O)C=C(C)NC=3)c3ccc(O)cc3)[C@H]2SC1)c1n(C)nnn1,0.1,10.1021/acs.jcim.2c00318
Cefpirome,O=C(N[C@@H]1C(=O)N2C(C(=O)[O-])=C(C[n+]3c4c(ccc3)CCC4)CS[C@H]12)/C(=N\OC)/c1nc(N)sc1,0.27,10.1021/acs.jcim.2c00318
Ceftazidime,O(/N=C(\C(=O)N[C@@H]1C(=O)N2C(C(=O)[O-])=C(C[n+]3ccccc3)CS[C@H]12)/c1nc(N)sc1)C(C(=O)O)(C)C,0.26,10.1021/acs.jcim.2c00318
Ceftizoxime,O=C(N[C@@H]1C(=O)N2C(C(=O)O)=CCS[C@H]12)/C(=N\OC)/c1nc(N)sc1,0.29,10.1021/acs.jcim.2c00318
Ceftriaxone,S(CC1=C(C(=O)O)N2C(=O)[C@@H](NC(=O)/C(=N\OC)/c3nc(N)sc3)[C@H]2SC1)C=1N(C)NC(=O)C(=O)N=1,0.11,10.1021/acs.jcim.2c00318
Cicaprost,O=C(O)COC/C=C\1/C[C@@H]2[C@@H](C#C[C@@H](O)[C@H](CC#CCC)C)[C@H](O)C[C@@H]2C/1,1.2,10.1021/acs.jcim.2c00318
Cidofovir,P(=O)(O)(O)CO[C@H](CO)CN1C(=O)N=C(N)C=C1,0.8,10.1021/acs.jcim.2c00318
Ciprofloxacin,Fc1c(N2CCNCC2)cc2N(C3CC3)C=C(C(=O)O)C(=O)c2c1,1.8,10.1021/acs.jcim.2c00318
Citalopram,Fc1ccc(C2(CCCN(C)C)OCc3c2ccc(C#N)c3)cc1,10,10.1021/acs.jcim.2c00318
Clazosentan,S(=O)(=O)(Nc1c(Oc2c(OC)cccc2)c(OCCO)nc(-c2cc(-c3n[nH]nn3)ncc2)n1)c1ncc(C)cc1,0.36,10.1021/acs.jcim.2c00318
Clozepam,Clc1c(C2=NCC(=O)Nc3c2cc([N+](=O)[O-])cc3)cccc1,6.8,10.1021/acs.jcim.2c00318
Diclofec,Clc1c(Nc2c(CC(=O)O)cccc2)c(Cl)ccc1,0.32,10.1021/acs.jcim.2c00318
Didanosine,O=C1N=CNc2n([C@@H]3O[C@H](CO)CC3)cnc12,1.3,10.1021/acs.jcim.2c00318
Doripenem,S(=O)(=O)(NC[C@H]1[NH2+]C[C@@H](SC=2[C@H](C)[C@@H]3[C@@H]([C@H](O)C)C(=O)N3C=2C(=O)[O-])C1)N,0.3,10.1021/acs.jcim.2c00318
Eptaloprost,O=C(O)CCCOC/C=C\1/C[C@@H]2[C@@H](C#C[C@@H](O)[C@H](CC#CCC)C)[C@H](O)C[C@@H]2C/1,1.6,10.1021/acs.jcim.2c00318
Ertapenem,S([C@H]1C[C@@H](C(=O)Nc2cc(C(=O)O)ccc2)NC1)C=1[C@H](C)[C@@H]2[C@@H]([C@H](O)C)C(=O)N2C=1C(=O)O,0.17,10.1021/acs.jcim.2c00318
Erythromycin,O([C@@H]1[C@@H](C)[C@H](O[C@@H]2O[C@@H](C)[C@H](O)[C@@](OC)(C)C2)[C@@H](C)C(=O)O[C@H](CC)[C@](O)(C)[C@H](O)[C@@H](C)C(=O)[C@H](C)C[C@]1(O)C)[C@H]1[C@H](O)[C@@H](N(C)C)C[C@@H](C)O1,8.24,10.1021/acs.jcim.2c00318
Ethinylestradiol,Oc1cc2c([C@@H]3[C@H]([C@H]4[C@@](C)([C@](O)(C#C)CC4)CC3)CC2)cc1,7.2,10.1021/acs.jcim.2c00318
Ethinylestradiol-17-Sulfate,S(=O)(=O)(O[C@]1(C#C)[C@]2(C)[C@H]([C@H]3[C@@H](c4c(cc(O)cc4)CC3)CC2)CC1)O,8.7,10.1021/acs.jcim.2c00318
Ethinylestradiol-3-Sulfate,S(=O)(=O)(Oc1cc2c([C@@H]3[C@H]([C@H]4[C@@](C)([C@](O)(C#C)CC4)CC3)CC2)cc1)O,21,10.1021/acs.jcim.2c00318
Etoposide,O([C@H]1[C@H](O)[C@@H](O)[C@@H]2O[C@H](C)OC[C@H]2O1)[C@H]1[C@@H]2[C@@H]([C@H](c3cc(OC)c(O)c(OC)c3)c3c1cc1OCOc1c3)C(=O)OC2,0.16,10.1021/acs.jcim.2c00318
Famotidine,S(=O)(=O)(N=C(N)CCSCc1nc(N=C(N)N)sc1)N,2.1,10.1021/acs.jcim.2c00318
Fleroxacin,FCCN1c2c(F)c(N3CCN(C)CC3)c(F)cc2C(=O)C(C(=O)O)=C1,1.2,10.1021/acs.jcim.2c00318
Furosemide,Clc1c(S(=O)(=O)N)cc(C(=O)O)c(NCc2occc2)c1,0.1,10.1021/acs.jcim.2c00318
Gabapentin,O=C(O)CC1(CN)CCCCC1,0.65,10.1021/acs.jcim.2c00318
Garenoxacin,FC(F)Oc1c(-c2cc3c([C@@H](C)NC3)cc2)ccc2C(=O)C(C(=O)O)=CN(C3CC3)c12,0.96,10.1021/acs.jcim.2c00318
Gatifloxacin,Fc1c(N2CC(C)[NH2+]CC2)c(OC)c2N(C3CC3)C=C(C(=O)[O-])C(=O)c2c1,1.85,10.1021/acs.jcim.2c00318
Gavestinel,Clc1c2c(/C=C/C(=O)Nc3ccccc3)c(C(=O)[O-])[nH]c2cc(Cl)c1,0.32,10.1021/acs.jcim.2c00318
Gemcitabine,FC1(F)[C@H](O)[C@@H](CO)O[C@H]1N1C(=O)N=C(N)C=C1,5.5,10.1021/acs.jcim.2c00318
Haloperidol,Clc1ccc(C2(O)CCN(CCCC(=O)c3ccc(F)cc3)CC2)cc1,3.7,10.1021/acs.jcim.2c00318
Ifetroban,O=C(O)CCc1c(C[C@@H]2[C@H](c3occ(C(=O)NCCCCC)n3)C3OC2CC3)cccc1,5.5,10.1021/acs.jcim.2c00318
Imatinib,O=C(Nc1cc(Nc2nc(-c3cnccc3)ccn2)c(C)cc1)c1ccc(CN2CCN(C)CC2)cc1,5.9,10.1021/acs.jcim.2c00318
Imipenem,S(CC/N=C/N)C1=C(C(=O)O)N2C(=O)[C@H]([C@H](O)C)[C@H]2C1,0.28,10.1021/acs.jcim.2c00318
Indivir,O=C(N[C@@H]1[C@H](O)Cc2c1cccc2)[C@@H](C[C@H](O)CN1[C@H](C(=O)NC(C)(C)C)CN(Cc2cnccc2)CC1)Cc1ccccc1,1.45,10.1021/acs.jcim.2c00318
Inogatran,O=C(O)CN[C@@H](C(=O)N1[C@H](C(=O)NCCCN=C(N)N)CCCC1)CC1CCCCC1,0.53,10.1021/acs.jcim.2c00318
Iododoxorubicin,I[C@@H]1[C@H](C)O[C@@H](O[C@@H]2c3c(O)c4C(=O)c5c(OC)cccc5C(=O)c4c(O)c3C[C@@](O)(C(=O)CO)C2)C[C@@H]1N,14,10.1021/acs.jcim.2c00318
Irinotecan,O=C(Oc1cc2c(CC)c3c(nc2cc1)C=1N(C(=O)C2=C([C@@](O)(CC)C(=O)OC2)C=1)C3)N1CCC(N2CCCCC2)CC1,2.5,10.1021/acs.jcim.2c00318
Isosorbide Dinitrate,O=[N+](O[C@H]1[C@H]2OC[C@H](O[N+](=O)[O-])[C@H]2OC1)[O-],1.7,10.1021/acs.jcim.2c00318
L-692429,O=C(N[C@H]1C(=O)N(Cc2ccc(-c3c(-c4n[nH]nn4)cccc3)cc2)c2c(cccc2)CC1)CC(N)(C)C,0.16,10.1021/acs.jcim.2c00318
Lamifiban,O=C(O)COC1CCN(C(=O)[C@@H](NC(=O)c2ccc(C(=N)N)cc2)Cc2ccc(O)cc2)CC1,0.29,10.1021/acs.jcim.2c00318
Lamivudine,O=C1N([C@H]2O[C@@H](CO)SC2)C=CC(N)=N1,1.2,10.1021/acs.jcim.2c00318
Lidocaine,O=C(Nc1c(C)cccc1C)CN(CC)CC,0.98,10.1021/acs.jcim.2c00318
ltrexone,O=C1[C@@H]2Oc3c(O)ccc4c3[C@@]32[C@](O)([C@H](N(CC2CC2)CC3)C4)CC1,7.59,10.1021/acs.jcim.2c00318
Meropenem,S([C@H]1C[C@@H](C(=O)N(C)C)[NH2+]C1)C=1[C@H](C)[C@@H]2[C@@H]([C@H](O)C)C(=O)N2C=1C(=O)[O-],0.23,10.1021/acs.jcim.2c00318
Metoprolol,O(CCc1ccc(OCC(O)CNC(C)C)cc1)C,14,10.1021/acs.jcim.2c00318
Midazolam,Clc1cc2C(c3c(F)cccc3)=NCc3n(c(C)nc3)-c2cc1,3,10.1021/acs.jcim.2c00318
Morphine,O[C@@H]1[C@@H]2Oc3c(O)ccc4c3[C@@]32[C@H]([C@H](N(C)CC3)C4)C=C1,2.6,10.1021/acs.jcim.2c00318
Moxalactam,S(CC1=C(C(=O)O)N2C(=O)[C@@](OC)(NC(=O)C(C(=O)O)c3ccc(O)cc3)[C@H]2OC1)c1n(C)nnn1,0.19,10.1021/acs.jcim.2c00318
Moxifloxacin,Fc1c(N2C[C@H]3NCCC[C@H]3C2)c(OC)c2N(C3CC3)C=C(C(=O)O)C(=O)c2c1,4.9,10.1021/acs.jcim.2c00318
Nelarabine,O(C)c1nc(N)nc2n([C@H]3[C@@H](O)[C@H](O)[C@@H](CO)O3)cnc12,1.3,10.1021/acs.jcim.2c00318
Nicardipine,O=[N+]([O-])c1cc(C2C(C(=O)OCCN(Cc3ccccc3)C)=C(C)NC(C)=C2C(=O)OC)ccc1,1.23,10.1021/acs.jcim.2c00318
Nimodipine,O=[N+]([O-])c1cc(C2C(C(=O)OC(C)C)=C(C)NC(C)=C2C(=O)OCCOC)ccc1,3.62,10.1021/acs.jcim.2c00318
Paclitaxel,O=C(O[C@@H]1C(C)=C2[C@@H](OC(=O)C)C(=O)[C@]3(C)[C@@H](O)C[C@@H]4[C@](OC(=O)C)([C@H]3[C@H](OC(=O)c3ccccc3)[C@@](O)(C2(C)C)C1)CO4)[C@H](O)[C@@H](NC(=O)c1ccccc1)c1ccccc1,1.34,10.1021/acs.jcim.2c00318
Panipenem,S([C@@H]1C/[N+](=C(/N)\C)/CC1)C1=C(C(=O)[O-])N2C(=O)[C@H]([C@H](O)C)[C@H]2C1,0.3,10.1021/acs.jcim.2c00318
Pefloxacin,Fc1c(N2CCN(C)CC2)cc2N(CC)C=C(C(=O)O)C(=O)c2c1,0.65,10.1021/acs.jcim.2c00318
Pentazocine,Oc1cc2C3(C)[C@@H](C)[C@H](N(CC=C(C)C)CC3)Cc2cc1,9.62,10.1021/acs.jcim.2c00318
Phencyclidine,N1(C2(c3ccccc3)CCCCC2)CCCCC1,6.78,10.1021/acs.jcim.2c00318
Piperacillin,O=C(N[C@@H]1C(=O)N2[C@@H](C(=O)O)C(C)(C)S[C@H]12)[C@H](NC(=O)N1C(=O)C(=O)N(CC)CC1)c1ccccc1,0.26,10.1021/acs.jcim.2c00318
Pirmenol,OC(CCCN1[C@@H](C)CCC[C@H]1C)(c1ncccc1)c1ccccc1,0.87,10.1021/acs.jcim.2c00318
Prednisone,O=C(CO)[C@]1(O)[C@]2(C)[C@H]([C@H]3[C@@H]([C@]4(C)C(=CC(=O)C=C4)CC3)C(=O)C2)CC1,1.7,10.1021/acs.jcim.2c00318
Propranolol,O(CC(O)CNC(C)C)c1c2c(ccc1)cccc2,2.28,10.1021/acs.jcim.2c00318
psagatran,S(=O)(=O)(N[C@H](C(=O)N(CC(=O)O)C1CC1)CC(=O)NC[C@H]1CN(C(=N)N)CCC1)c1cc2c(cc1)cccc2,0.32,10.1021/acs.jcim.2c00318
Quinidine,O(C)c1cc2c([C@H](O)[C@@H]3N4C[C@H](C=C)[C@H](C3)CC4)ccnc2cc1,1.51,10.1021/acs.jcim.2c00318
Recaim,O=C(NCCCNC(C)C)Nc1c(C)cccc1C,3,10.1021/acs.jcim.2c00318
Remikiren,S(=O)(=O)(C(C)(C)C)C[C@H](C(=O)N[C@H](C(=O)N[C@H]([C@@H](O)[C@@H](O)C1CC1)CC1CCCCC1)Cc1[nH]cnc1)Cc1ccccc1,1.7,10.1021/acs.jcim.2c00318
Ribavirin,O=C(N)c1nn([C@H]2[C@H](O)[C@H](O)[C@@H](CO)O2)cn1,29.4,10.1021/acs.jcim.2c00318
Ritipenem,O=C(OCC1=C(C(=O)O)N2C(=O)[C@H]([C@H](O)C)[C@H]2S1)N,0.14,10.1021/acs.jcim.2c00318
Ro25-6833,FC(F)(F)CN1C(=O)/C(=C/C2=C(C(=O)O)N3C(=O)[C@@H](NC(=O)/C(=N\O)/c4nc(N)sc4)[C@H]3SC2)/CC1,0.12,10.1021/acs.jcim.2c00318
Romidepsin,O=C1C(C(C)C)NC(=O)/C(=C/C)/NC(=O)[C@@H]2NC(=O)C(C(C)C)NC(=O)C[C@H](O1)/C=C\CCSSC2,4.95,10.1021/acs.jcim.2c00318
Sch34343,S(CCOC(=O)N)C1=C(C(=O)O)N2C(=O)[C@H]([C@H](O)C)[C@H]2S1,0.21,10.1021/acs.jcim.2c00318
Semaxanib,O=C1/C(=C\c2c(C)cc(C)[nH]2)/c2c(N1)cccc2,1.63,10.1021/acs.jcim.2c00318
Sinitrodil,O=[N+](OCCN1C(=O)c2c(OC1)cccc2)[O-],0.98,10.1021/acs.jcim.2c00318
Sparfosic Acid,P(=O)(O)(O)CC(=O)N[C@H](C(=O)O)CC(=O)O,0.2,10.1021/acs.jcim.2c00318
Stavudine,O=C1N([C@@H]2O[C@H](CO)C=C2)C=C(C)C(=O)N1,0.8,10.1021/acs.jcim.2c00318
Sulfadiazine,S(=O)(=O)(Nc1ncccn1)c1ccc(N)cc1,0.5,10.1021/acs.jcim.2c00318
Sulfinpyrazone,[SH0](=O)(CCC1C(=O)N(N(c2ccccc2)C1=O)c1ccccc1)c1ccccc1,0.12,10.1021/acs.jcim.2c00318
Susalimod,S(=O)(=O)(Nc1c(C)cccn1)c1ccc(C#Cc2cc(C(=O)O)c(O)cc2)cc1,0.08,10.1021/acs.jcim.2c00318
Tacrolimus,O(C)[C@H]1[C@H](O)CC[C@@H](/C=C(\C)/[C@@H]2[C@H](C)[C@@H](O)CC(=O)[C@H](CC=C)/C=C(\C)/C[C@H](C)C[C@H](OC)[C@@H]3[C@@H](OC)C[C@@H](C)[C@](O)(C(=O)C(=O)N4[C@H](C(=O)O2)CCCC4)O3)C1,3.93,10.1021/acs.jcim.2c00318
Tebufelone,O=C(CCCC#C)c1cc(C(C)(C)C)c(O)c(C(C)(C)C)c1,10.4,10.1021/acs.jcim.2c00318
Tezosentan,S(=O)(=O)(Nc1c(Oc2c(OC)cccc2)c(OCCO)nc(-c2cc(-c3n[nH]nn3)ncc2)n1)c1ncc(C(C)C)cc1,0.21,10.1021/acs.jcim.2c00318
Theophylline,O=C1N(C)C(=O)c2[nH]cnc2N1C,0.69,10.1021/acs.jcim.2c00318
Tiazofurin,O=C(N)c1nc([C@H]2[C@H](O)[C@H](O)[C@@H](CO)O2)sc1,2,10.1021/acs.jcim.2c00318
Tomopenem,S([C@@H]1CN(C)[C@H](C(=O)N2C[C@@H](NC(=O)CN=C(N)N)CC2)C1)C=1[C@H](C)[C@@H]2[C@@H]([C@H](O)C)C(=O)N2C=1C(=O)O,0.18,10.1021/acs.jcim.2c00318
Topotecan,O=C1[C@](O)(CC)C2=C(C(=O)N3C(c4nc5c(c(CN(C)C)c(O)cc5)cc4C3)=C2)CO1,7.38,10.1021/acs.jcim.2c00318
Trimetrexate,O(C)c1c(OC)cc(NCc2c(C)c3c(N)nc(N)nc3cc2)cc1OC,1.56,10.1021/acs.jcim.2c00318
Trovafloxacin,Fc1c(N2c3nc(N4C[C@H]5C([NH3+])[C@H]5C4)c(F)cc3C(=O)C(C(=O)[O-])=C2)ccc(F)c1,1.93,10.1021/acs.jcim.2c00318
Valproic Acd,O=C(O)CCCCCCCCCCCCCCCCCCC,0.25,10.1021/acs.jcim.2c00318
Venlafaxine,O(C)c1ccc(C(CN(C)C)C2(O)CCCCC2)cc1,3.5,10.1021/acs.jcim.2c00318
Verapamil,O(C)c1c(OC)ccc(C(C#N)(C(C)C)CCCN(CCc2cc(OC)c(OC)cc2)C)c1,5.35,10.1021/acs.jcim.2c00318
Vildagliptin,O=C(CNC12CC3(O)CC(C1)CC(C3)C2)N1[C@H](C#N)CCC1,0.7,10.1021/acs.jcim.2c00318
Vinblastine,O=C(O[C@H]1[C@](O)(C(=O)OC)[C@@H]2N(C)c3c(cc(c(OC)c3)[C@]3(C(=O)OC)c4[nH]c5c(c4CCN4C[C@](O)(CC)C[C@@H](C3)C4)cccc5)[C@@]32[C@@H]2[C@@]1(CC)C=CCN2CC3)C,2.1,10.1021/acs.jcim.2c00318
Vincristine,O=C(O[C@H]1[C@](O)(C(=O)OC)[C@@H]2N(C=O)c3c(cc(c(OC)c3)[C@]3(C(=O)OC)c4[nH]c5c(c4CCN4C[C@](O)(CC)C[C@H](C3)C4)cccc5)[C@@]32[C@@H]2[C@@]1(CC)C=CCN2CC3)C,1.8,10.1021/acs.jcim.2c00318
Vindesine,O=C(OC)[C@@]1(c2c(OC)cc3N(C)[C@H]4[C@@](O)(C(=O)N)[C@H](O)[C@@]5(CC)[C@@H]6N(CC=C5)CC[C@]46c3c2)c2[nH]c3c(c2CCN2C[C@](O)(CC)C[C@H](C1)C2)cccc3,2.3,10.1021/acs.jcim.2c00318
Zalcitabine,O=C1N([C@@H]2O[C@H](CO)CC2)C=CC(N)=N1,0.98,10.1021/acs.jcim.2c00318
,CCOC1=CC=CN=C1OC1=CN=CC(=C1)C1=NC=C(C=N1)C(=O)N[C@H]1CCOC1,0.70 ,10.1021/acs.molpharmaceut.4c00406
,FC(C=C(C#N)C=C1)=C1COC2=CC=CC(C3CCN(CC4=NC5=CC=C(C(O)=O)C=C5N4C[C@@H]6CCO6)CC3)=N2,0.26 ,10.1021/acs.molpharmaceut.4c00406
,CC1=CC(NC2=NC=NC3=CC(OCC)=C(NC(/C(F)=C/[C@H]4CCCN4C)=O)C=C32)=CC=C1OC5=CC6=NC=NN6C=C5,3.71 ,10.1021/acs.molpharmaceut.4c00406
,C[C@@H]1C[C@@H](CCO1)N1C(=N)N[C@@](C)(CC1=O)c1cccc(c1Cl)NC(=O)c1cccc(c1)C#N,3.07 ,10.1021/acs.molpharmaceut.4c00406
,CC(C)C[C@](C)(N)COC(C(C(F)F)=N1)=CC=C1C2=CC=NC(C(F)F)=C2,20.60 ,10.1021/acs.molpharmaceut.4c00406
,NC1=NN2C=CC(C3=CC(CN([C@H](C4CC4)C)C5=O)=C5C(OC(F)F)=C3)=NC2=C1C(N[C@@H]6CC[C@@](O)(C)CC6)=O,3.77 ,10.1021/acs.molpharmaceut.4c00406
,NC1=NN2C=CC(C3=CC(CN([C@H](C4CC4)C)C5=O)=C5C(OC(F)(F)F)=C3)=NC2=C1C(N[C@@H]6CC[C@@](O)(C)CC6)=O,3.69 ,10.1021/acs.molpharmaceut.4c00406
,Cc1nc(C)c(-c2ccc(OCCc3ccc(F)cc3)cc2)c(N2CCC(C)(C)CC2)c1[C@H](OC(C)(C)C)C(O)=O,1.50 ,10.1021/acs.molpharmaceut.4c00406
,O=C(NC1=NN(CP(OCC)(OCC)=O)C=C1)C2=CC(OC(C)C)=CC(OC3=CN=C(C(N4CCC4)=O)C=N3)=C2,1.10 ,10.1021/acs.molpharmaceut.4c00406
,O=C(C1=CN(C)N=C1)NC1CCC2C=C(C=CC=21)C1N=C(CC)ON=1,7.76 ,10.1021/acs.molpharmaceut.4c00406
,O=C(C1(CC1)C2=CC=CC=C2F)NC(C=C3)=NN3C4=CC=NC(F)=C4,3.00 ,10.1021/acs.molpharmaceut.4c00406
,FC(F)(C(=O)NCC1=CC=C2C(=O)N(CC2=C1)C1CCC(=O)NC1=O)C1=CC=C(Cl)C=C1,1.10 ,10.1021/acs.molpharmaceut.4c00406
,C[C@@]1(N=C(N)SC=C1)C2=CC(NC(C3=NC=C(C#N)C=C3)=O)=CC=C2F,2.87 ,10.1021/acs.molpharmaceut.4c00406
,Cc1cc(cc2cn[nH]c12)C[C@@H](NC(=O)N1CCC2(CC1)OC(=O)Nc1ncccc12)C(=O)N[C@@H](CC1CCNCC1)C(=O)N1CCN(CC1)c1ccncc1,0.40 ,10.1021/acs.molpharmaceut.4c00406
,COC[C@](CO)(OC[C@H]1O[C@H]([C@H](O)[C@@H]1O)n1ncc2c(nc(nc12)Cl)NC1CCCC1)P(=O)(O)O,0.10 ,10.1021/acs.molpharmaceut.4c00406
,O=C1CC2(CCN(C(C3=CC(C4=CC=C(C(O)=O)C=C4)=NC(OC)=C3)=O)CC2)CC5=C1N(C(C)C)N=C5,0.49 ,10.1021/acs.molpharmaceut.4c00406
,CN(N=C1)C=C1NC2=NC=CC(C3=CC=C(CNC(N4CC(OC(C)C)C4)=O)C(C)=C3)=N2,0.70 ,10.1021/acs.molpharmaceut.4c00406
,NC1=NC2=C(N=CC(F)=C2)C(N[C@](C)(CCCC)CO)=N1,2.10 ,10.1021/acs.molpharmaceut.4c00406
,C[C@]1([C@@H](F)[C@@H](C)SC(N)=N1)C2=CC(NC(C3=NC=C(OCF)N=C3)=O)=CC=C2F,7.10 ,10.1021/acs.molpharmaceut.4c00406
,NC(C1=CC(F)=C(N2CCC[C@H](NC(C#CC)=O)C2)C3=C1NC(C)=C3C)=O,0.45 ,10.1021/acs.molpharmaceut.4c00406
,[2H]C([2H])([2H])NC(=O)C1=NN=C(NC(=O)C2CC2)C=C1NC1=CC=CC(C2=NN(C)C=N2)=C1OC,2.00 ,10.1021/acs.molpharmaceut.4c00406
,O[C@H]([C@H](F)[C@@H]1F)C2=C1C(OC3=CC(C#N)=CC(F)=C3)=CC=C2S(C)(=O)=O,2.90 ,10.1021/acs.molpharmaceut.4c00406
,Cc1nnc(o1)N1CCC(CC1)C(=O)N1N=CC[C@H]1c1cc(F)cc(F)c1,1.1,10.1021/acs.molpharmaceut.4c00406
,CCNC(=O)c(c1)[nH]c(c12)c(=O)n(C)cc2-c3c(ccc(c3)S(=O)(=O)CC)Oc(c4C)c(C)ccc4,2.3,10.1021/acs.molpharmaceut.4c00406
,C[C@H]1Cc2c(CN1C(=O)c3cccc(c3F)C(F)(F)F)nnn2c4ncc(F)cn4 {A3=S},1.70 ,10.1021/acs.molpharmaceut.4c00406
,O=C(C1=CC=CC(C(F)(F)F)=C1Cl)N2[C@@H](C)CC3=C(N=NN3C4=CSC=C4)C4,1.30 ,10.1021/acs.molpharmaceut.4c00406
,ClC1=C(N2CC[C@@H](OC3=CC=C(N4[C@@H](CC(O)=O)[C@H](C)C(C(F)(F)F)=N4)C=C3)[C@H](C)C2)C=C(OC)N=C3,0.70 ,10.1021/acs.molpharmaceut.4c00406
,FC1=C(N2CC[C@@H](OC3=CC=C(N4[C@@H](CC(O)=O)[C@H](C)C(C(F)(F)F)=N4)C=C3)[C@H](C)C2)C=C(OCC)C=C3,2.20 ,10.1021/acs.molpharmaceut.4c00406
,FC1=C(N2CCC(OC3=CC=C(N4[C@@H](CC(O)=O)[C@H](C)C(C(F)(F)F)=N4)C=C3)CC2)C=C(OC)C=C3,1.70 ,10.1021/acs.molpharmaceut.4c00406
,c1(c(cc2c(c1)c(c[nH]2)C(=O)O)Cl)c1ccc(cc1)C1(CCC3)O,2.33 ,10.1021/acs.molpharmaceut.4c00406
,c1(c(cc2c(c1F)c(c[nH]2)C(O)=O)F)c1ccc(cc1)[C@H]1OCCCC3,0.30 ,10.1021/acs.molpharmaceut.4c00406
,N(c1ccc(c(n1)OC)c1c(cc2c(c1)c(c[nH]4)C(O)=O)Cl)(C)C,0.46 ,10.1021/acs.molpharmaceut.4c00406
,[C@@H]1([C@]2([C@@]1(CN(C2)C(O[C@H](CO)C(F)(F)F)=O)[H])[H])c1nn(c2ccc(cc2)F)cc3,1.50 ,10.1021/acs.molpharmaceut.4c00406
,CC(C)(C(=O)O)Oc1ccc(cc1)c2cc(c(nc2)N)c3ccc(cc5)Cl,0.52 ,10.1021/acs.molpharmaceut.4c00406
,FC1=CC=C(NC(C2=NC=C(C#N)C=C2)=O)C=C1[C@]3(N=C(N)OC(CF)=C8)C,5.01 ,10.1021/acs.molpharmaceut.4c00406
,O=C(N(C1=CN(CC(F)(F)F)N=C1)[C@@H]2C)C3=C2N=C(C4=CN=C(OC)C(OC)=C4)C=C5,0.80 ,10.1021/acs.molpharmaceut.4c00406
,[H][C@]12[C@@H](CC[C@@]1(CC[C@]1(C)[C@]2([H])CC[C@]2([H])[C@@]3(C)CC=C(C4=CC=C(C=C4)C(O)=O)C(C)(C)[C@]3([H])CC[C@@]18C)C(=O)NCCC(O)=O)C(C)=C,0.43 ,10.1021/acs.molpharmaceut.4c00406
,C[C@@H]1CN(CC(=O)N2CC(C)(C)c3ncc(Cc4ccc(F)cc4)cc23)[C@@H](CN5CCOC[C@H]5C)CN3,3.70 ,10.1021/acs.molpharmaceut.4c00406
,C[C@@H]1CN(CC(=O)N2CC(C)(C)c3nc(CO)c(Cc4ccc(F)cc4)cc23)[C@@H](CN5CCOC[C@H]5C)CN3,6.00 ,10.1021/acs.molpharmaceut.4c00406
